Date,Event Type,EventName,Notes,Time,Acts,Cost,Venue,Link,Source
"April 16, 2026 → April 19, 2026",Festival,French Quarter Festival,"Nation's largest free Louisiana music festival. 300+ performances. Headliners include Irma Thomas, Big Freedia, Cyril Neville, PJ Morton. New this year: expanded riverfront footprint at Goldring Woldenberg Park, 5K race on Apr 18. Louisiana Fish Fry Stage features brass bands + DJ Poppa bounce sets.",,,Free (suggested $5 donation),Goldring Woldenberg Riverfront Park (https://www.notion.so/Goldring-Woldenberg-Riverfront-Park-330a37df8710816e9923eebdbeffe9e2?pvs=21),https://frenchquarterfest.org,
"April 10, 2026",,,,,,,,,
"April 10, 2026",,,,,,,,,
"April 10, 2026",,,,,,,,,
"March 8, 2026",Live Music,Hot 8 Brass Band,Venue: Howlin' Wolf. Weekly recurring. Grammy-winning.,10:30 PM,,,,https://www.ticketmaster.com/discover/new-orleans,
"March 8, 2026",Live Music,"Southern Nights ft. Dusky Waters, Erica Falls & Anna Moss (Early)",Venue: Snug Harbor Jazz Bistro,7:30 PM,,,,,
"March 7, 2026",Live Music,Dave Jordan Trio,Venue: NOLA Brewing. Free show.,7:00 PM,,Free,,,
"March 8, 2026",Live Music,Shwag,Venue: Adolfo's,6:00 PM,,,,,
"March 7, 2026",,Cottage Chemistry: A Heated Rivalry Dance Party,Venue: The Joy Theater. ft. What the Dance.,9:00 PM,,,,,
"March 8, 2026",Live Music,Ado Soul and the Tribe,Venue: Gasa Gasa,8:00 PM,,,,,
"March 7, 2026",Live Music,Delfeayo Marsalis Sextet (Late Set),Venue: Snug Harbor Jazz Bistro,9:30 PM,,,,,
"March 8, 2026",Live Music,"Southern Nights ft. Dusky Waters, Erica Falls & Anna Moss (Late)",Venue: Snug Harbor Jazz Bistro,9:30 PM,,,,,
"March 8, 2026",Live Music,Brubeck Brothers Quartet,Venue: New Orleans Jazz Market,9:30 PM,,,,,
"March 8, 2026",Live Music,Treme Brass Band,Venue: d.b.a. (Frenchmen St). Weekly recurring.,6:00 PM,,,,,
"March 8, 2026",Live Music,Big 6 Brass Band,Venue: Treme Hideaway. Weekly recurring.,10:00 PM,,,,,
"March 7, 2026",Live Music,Delfeayo Marsalis Sextet (Early Set),Venue: Snug Harbor Jazz Bistro,7:30 PM,,,,https://www.ticketmaster.com/discover/new-orleans,
"March 7, 2026",,Morgan Jay,Venue: Mahalia Jackson Theater for the Performing Arts. Ticketed.,,,,,,
"March 7, 2026",Live Music,Hobo Gadget,Venue: Adolfo's,6:00 PM,,,,,
"March 8, 2026",,Pat Metheny,Venue: Orpheum Theater. Ticketed.,7:30 PM,,,,https://www.ticketmaster.com/discover/new-orleans,
"March 8, 2026",Second Line,Keep'N It Real Ladies S&P Club Second Line,"Route: Starts Bayou St. John → Orleans Ave → N. Broad (stop Chill Will Barbershop) → St. Bernard → N. Claiborne (stop Da Jump Off) → Robertson (stop Hank's Bar / Dumaine Gang) → Esplanade → Orleans Ave (stop Goldy's / Undefeated Divas) → Disbands Club Good Times, 2901 Conti.",1:00 PM - 5:00 PM,,,,https://www.wwoz.org/events/1293256,
"March 7, 2026",Live Music,Dirk & Amelia Powell,Venue: Chickie Wah Wah,8:00 PM,,,,,
"April 30, 2026 → May 3, 2026",Festival,Jazz Fest — Weekend 2,"Weekend 2 at the Fairgrounds. Headliners include Eagles, Stevie Nicks (her only 2026 show), Rod Stewart (farewell tour), Lorde, Kings of Leon, David Byrne. Check cube schedule for daily lineups.",,,Ticketed,New Orleans Fairgrounds (https://www.notion.so/New-Orleans-Fairgrounds-330a37df871081108bc4fd719cfc8eb3?pvs=21),https://www.nojazzfest.com,
"March 28, 2026 → March 29, 2026",Festival,Congo Square Rhythms Festival,"Free weekend festival at Armstrong Park in Tremé celebrating African diaspora music, food, and dance. Features Class Got Brass school brass band competition on Saturday. No pets, no A/V recording.",,,Free,Louis Armstrong Park (https://www.notion.so/Louis-Armstrong-Park-330a37df8710813c8758ea578aa8cde8?pvs=21),https://www.jazzandheritage.org/events/2026-congo-square-rhythms-festival/,
"April 23, 2026 → April 26, 2026",Festival,Jazz Fest — Weekend 1,"At the Fairgrounds (1751 Gentilly Blvd). 15 stages, 5000+ musicians. Headliners TBD by day — check cube schedule. Local faves include Trombone Shorty, Jon Batiste, Preservation Hall Jazz Band, Big Freedia. Cashless. Cultural Exchange Pavilion features Jamaica this year.",,,Ticketed (discounted Locals Thursday Apr 23),New Orleans Fairgrounds (https://www.notion.so/New-Orleans-Fairgrounds-330a37df871081108bc4fd719cfc8eb3?pvs=21),https://www.nojazzfest.com,
"April 10, 2026 → April 11, 2026",Festival,Hogs for the Cause,"BBQ and music festival at UNO Lakefront Arena Grounds (6801 Franklin Ave). 90+ BBQ teams, 20 musical acts, 30k+ attendees. Raises money for pediatric brain cancer families. Cashless event. Gates open 3:30pm Fri, 11am Sat. Music includes Charles Wesley Godwin, Stephen Wilson Jr., The Castellows.",,,Ticketed,UNO Lakefront Arena Festival Grounds (https://www.notion.so/UNO-Lakefront-Arena-Festival-Grounds-330a37df871081619443e498a6c33631?pvs=21),https://hogsfest.org,
,Festival,Electric Spring Festival,"New electronic music festival at Music Box Village. Features Bouffant Bouffant, Kilobauud, Dr. Romance, Legatron Prime, Funke, and more. Also visual artists, a market, and pop-ups. DATE TBD — check http://electricspringfestival.com.",,,Ticketed,Music Box Village (https://www.notion.so/Music-Box-Village-330a37df871081b3999dcc9dab726c80?pvs=21),https://electricspringfestival.com,
"April 9, 2026 → April 12, 2026",Festival,Overlook Film Festival,"Horror film festival at Canal Place (333 Canal St). Features independent horror cinema, interactive/live shows, a horror parade, and immersive events. Films include Obsession, Leviticus, Hokum, and Faces of Death (filmed in NOLA).",,,Ticketed,Canal Place Cinema (https://www.notion.so/Canal-Place-Cinema-330a37df8710817dadcbf0af80ca86b0?pvs=21),https://overlookfilmfest.com,
"April 9, 2026 → April 13, 2026",Festival,Giant Puppet Festival,"Multi-venue festival across Marigny/Bywater — no single home venue. Venues include Mudlark Public Theater, New Marigny Theatre, Marigny Opera House, Clouet Gardens, AllWays Lounge, CANOA, and more. Check http://neworleansgiantpuppetfest.com for full schedule and venue details.",,,"Mixed (some free, some ticketed)",,https://neworleansgiantpuppetfest.com,
"March 27, 2026 → March 29, 2026",Festival,Danny Barker Banjo & Guitar Festival,"Three days of music at the New Orleans Jazz Museum. Lineup includes Dirty Dozen Brass Band, Kermit Ruffins, Charmaine Neville, John Boutte, Dixie Cups, Leroy Jones, and more.",,,Free,New Orleans Jazz Museum (https://www.notion.so/New-Orleans-Jazz-Museum-330a37df871081d3a328dfb987641abb?pvs=21),https://dannybarkerfestival.com,
"March 29, 2026 → March 29, 2026",Festival,"Brews, Boils & Bubbles Festival","3rd annual Louisiana seafood boil festival on the Lakefront. 15+ boilers and dessert vendors, craft beer, champagne, premium spirits, all-day live music. All ages (VIP 21+). From producers of the National Fried Chicken Festival. 

🚲 BIKE FRIENDLY — ~5.5 miles / 30-40 min ride from the Marigny. Flat the whole way, great alternative to dealing with parking.

⚠️ ENTRANCE: Enter via Leon C. Simon under Seabrook Bridge ONLY. No entry from Franklin Ave or UNO Lakefront Arena. Rideshare drop-off at Leroy Johnson & Lakeshore Dr. Parking is extremely limited and first come first serve on Lakeshore Drive.",12:00 PM – 8:00 PM,,$5 GA,New Orleans Lakefront — Lakeshore Drive (https://www.notion.so/New-Orleans-Lakefront-Lakeshore-Drive-330a37df8710811cabdbc77a72d5fe33?pvs=21),https://brewsboilsbubbles.com,
"March 26, 2026 → March 29, 2026",Festival,Louisiana Crawfish Festival,"Annual crawfish festival in Chalmette. Boiled crawfish, crawfish bread, crawfish pie, crawfish jambalaya — mudbugs every which way. Live music, parade, amusement rides, games (egg tosses, sack races), food vendors. About 20 min east of NOLA.",,,Ticketed,Chalmette Memorial Park (https://www.notion.so/Chalmette-Memorial-Park-330a37df871081f0a359c419fe5d3d45?pvs=21),https://www.lacrawfishfest.com,
"April 28, 2026 → April 30, 2026",Festival,NOLA Crawfish Fest ⚠️ CANCELLED 2026,"⚠️ NOT HAPPENING IN 2026 — Confirmed cancelled per organizer ('Shaggy'). Replaced by the 1st Annual Bayou RenDAZEvous at The Broadside on Monday April 27 (also presented by Satisfied Productions). Check back for 2027. | ORIGINAL NOTES: Multi-day outdoor food and music festival at The Broadside during the daze between Jazz Fest weekends. FOOD: Hot boiled crawfish, Cajun specialties. Daytime family-friendly festival atmosphere.",Gates open 3pm daily,,Ticketed,The Broadside (https://www.notion.so/The-Broadside-330a37df8710817aa21ec9dfff49e4f1?pvs=21),https://thebroadsideneworleans.com,
"April 27, 2026",,Gallatin Street Fest 2026,"Free all-day event at the New Orleans Jazz Museum (400 Esplanade Ave). Celebrates the city's rich musical and cultural heritage.

Features: Live performances from a star-studded roster of New Orleans artists across diverse genres, local food vendors, full-service bar, curated merchandise and vinyl from Gallatin Street Records.

All ages. Coincides with the daze between Jazz Fest weekends — a great daytime option before evening shows.",,,Free,New Orleans Jazz Museum (https://www.notion.so/New-Orleans-Jazz-Museum-330a37df871081d3a328dfb987641abb?pvs=21),https://nolajazzmuseum.org,
"April 27, 2026",Festival,Shorty Fest 2026,"Annual fundraiser for the Trombone Shorty Foundation. Largest fundraiser for the Foundation.

INDOOR PERFORMERS (Tipitina's): Trombone Shorty & Orleans Avenue, Cimafunk & La Tribu. Special guests: Tarriona 'Tank' Ball (Tank & The Bangas), Big Freedia, Jelly Joseph, JoJo Hermann (Widespread Panic). Plus Primera Linea (youth band from Havana) with Trombone Shorty Foundation students.

OUTDOOR BLOCK PARTY (Napoleon Ave neutral ground): Brass bands, Mardi Gras Indians, Battle of the Bands (two local high school marching bands), food trucks, kids area, silent auction, Tipitina's Walk of Fame Induction Ceremony honoring Roger Lewis (Dirty Dozen Brass Band).

VIP includes: early entry, indoor balcony, outdoor VIP tent with food from Jacques-Imo's, signature open bar.

Themed around NOLA-Cuba musical ties this year — reflects Foundation's many musical excursions to Havana.","Outdoor 5pm / Indoor doors 7pm, show 8pm","Trombone Shorty (https://www.notion.so/Trombone-Shorty-337a37df871081e9aca6f5a54a2d5be8?pvs=21), Big Freedia (https://www.notion.so/Big-Freedia-337a37df871081bfafdff19a6f8eae58?pvs=21)","Free outdoor block party. Indoor GA $125, VIP $300",Tipitina's (https://www.notion.so/Tipitina-s-330a37df871081128e2fd728f5c8e142?pvs=21),https://tipitinas.com,Tipitina's (https://www.notion.so/Tipitina-s-337a37df87108106828eef40c08353f2?pvs=21)
"April 29, 2026",Live Music,The Daze Between Band — Tipitina's,"⚠️ SOLD OUT — 8th annual edition. The crown jewel of the daze between. Late-night all-star jam marking the midpoint between Jazz Fest weekends.

CORE LINEUP: Eric Krasno (guitar, Soulive) — bandleader, George Porter Jr. (bass, The Meters), Oteil Burbridge (bass, Dead & Company / Allman Brothers Band), Ivan Neville (keys/vocals, Dumpstaphunk), Tony Hall (bass/vocals, Dumpstaphunk), Raymond Weber (drums, formerly Dumpstaphunk), Cory Henry (keys), Ryan Zoidis (sax, Lettuce), Eric 'Benny' Bloom (trumpet, Lettuce), Kanika Moore (vocals), and more special guests TBA.

SURPRISE GUESTS EXPECTED — in 2025 included Dave Matthews, Phish's Mike Gordon, G. Love, Andy Frasco, Duane Betts, Neal Francis, Jeff Coffin. Always expect the unexpected.

Presented by Live For Live Music, GMP Live, Purple Hat Productions, Dayglo Presents. Even if sold out, worth checking resale closer to date.",Doors 9pm / Music 10pm,"Dumpstaphunk (https://www.notion.so/Dumpstaphunk-337a37df871081d2adc7f238396714c1?pvs=21), George Porter Jr. (https://www.notion.so/George-Porter-Jr-337a37df8710819b8709c1297b03a763?pvs=21)",SOLD OUT,Tipitina's (https://www.notion.so/Tipitina-s-330a37df871081128e2fd728f5c8e142?pvs=21),https://tipitinas.com,Tipitina's (https://www.notion.so/Tipitina-s-337a37df87108106828eef40c08353f2?pvs=21)
"April 5, 2026",Live Music,Hot 8 Brass Band — Howlin' Wolf,"Grammy-winning Hot 8 Brass Band at The Howlin' Wolf. One of NOLA's most celebrated brass bands, known for blending traditional second line with hip hop and soul. Late night Easter Sunday show.",10:30pm,Hot 8 Brass Band (https://www.notion.so/Hot-8-Brass-Band-337a37df87108167b39bcedfba11e799?pvs=21),Free (no cover),The Howlin' Wolf (https://www.notion.so/The-Howlin-Wolf-330a37df8710810e92e6ec8780c42dbf?pvs=21),https://thehowlinwolf.com,
"April 6, 2026",Live Music,Charmaine Neville Band — Snug Harbor,"Two shows at Snug Harbor. Charmaine Neville is NOLA royalty — daughter of Charles Neville (The Neville Brothers), beloved jazz and R&B vocalist who has performed on Frenchmen Street for decades. A Monday night treat for friends still in town.",7:30pm & 9:30pm,Charmaine Neville (https://www.notion.so/Charmaine-Neville-337a37df8710815d8651f15c0122db4a?pvs=21),Ticketed,Snug Harbor Jazz Bistro (https://www.notion.so/Snug-Harbor-Jazz-Bistro-336a37df8710817d991ac7c353a0b568?pvs=21),https://snugjazz.com,Snug Harbor Jazz Bistro (https://www.notion.so/Snug-Harbor-Jazz-Bistro-337a37df87108108a9a7dedae8195534?pvs=21)
"April 5, 2026",Parade,French Quarter Easter Parade,"Annual Easter Sunday parade through the heart of the French Quarter. Floats, costumed marchers, and an Easter hat contest. Formerly known as the Chris Owens Easter Parade. A very NOLA way to spend Easter morning. Free to watch.",,,Free,Goldring Woldenberg Riverfront Park (https://www.notion.so/Goldring-Woldenberg-Riverfront-Park-330a37df8710816e9923eebdbeffe9e2?pvs=21),https://frenchquartereasterparade.com,
"April 4, 2026",Live Music,Stanton Moore: The Music of Allen Toussaint ft. Cyril Neville & Nicholas Payton,"A serious NOLA jazz event. Stanton Moore (founding drummer of Galactic, Grammy-nominated) leads a tribute to Allen Toussaint — one of NOLA's most beloved composers and producers. Featuring Cyril Neville (The Neville Brothers) and Nicholas Payton (acclaimed jazz trumpeter). Intimate Jazz Market setting. Two shows possible — check venue for exact times.",7:30pm,,$42,New Orleans Jazz Market (https://www.notion.so/New-Orleans-Jazz-Market-336a37df871081e8afe7e8c780de40fe?pvs=21),https://www.neworleansjazzmarket.com,
"April 3, 2026",Live Music,La'Trez Anderson,Solo show at The Howlin' Wolf.,8pm,,$50,The Howlin' Wolf (https://www.notion.so/The-Howlin-Wolf-330a37df8710810e92e6ec8780c42dbf?pvs=21),https://thehowlinwolf.com,
"April 5, 2026",,Minx Burlesque,Burlesque show at The Howlin' Wolf on Easter Sunday evening.,6pm,,Ticketed,The Howlin' Wolf (https://www.notion.so/The-Howlin-Wolf-330a37df8710810e92e6ec8780c42dbf?pvs=21),https://thehowlinwolf.com,
"April 6, 2026",,ZZ Top,ZZ Top at the historic Saenger Theatre. Classic Texas blues rock legends. Good option for Monday night if friends are still in town.,8pm,,Ticketed,Saenger Theatre (https://www.notion.so/Saenger-Theatre-336a37df871081ebb8f0e5c1f3167469?pvs=21),https://www.saengernola.com,
"April 3, 2026",Live Music,Racoma / Lilly Miller,Show at Chickie Wah Wah on Canal Street.,8pm,,$37,Chickie Wah Wah (https://www.notion.so/Chickie-Wah-Wah-336a37df871081b0b67ef9b3c8fd3f91?pvs=21),https://www.chickiewahwah.com,
"April 5, 2026",Live Music,Mahmoud Chouki New World Ensemble — Easter Celebration,"Easter Sunday special at Snug Harbor. Two shows. Mahmoud Chouki is a celebrated Moroccan-American musician blending world music, jazz and North African traditions. A fitting Easter Sunday celebration at one of NOLA's most intimate venues.",Two shows — check http://snugjazz.com for times,,Ticketed,Snug Harbor Jazz Bistro (https://www.notion.so/Snug-Harbor-Jazz-Bistro-336a37df8710817d991ac7c353a0b568?pvs=21),https://snugjazz.com,Snug Harbor Jazz Bistro (https://www.notion.so/Snug-Harbor-Jazz-Bistro-337a37df87108108a9a7dedae8195534?pvs=21)
"April 4, 2026",Festival,Freret Street Festival,"Annual free neighborhood street festival on Freret Street, first Saturday of April. Six blocks from Napoleon to Valmont. 3 stages, 20+ bands across jazz, funk, brass, and rock. 200+ local artists and chefs, 46 brick-and-mortar businesses open. Classic NOLA daytime festival — great for visitors. All ages.",,,Free,Freret Street (https://www.notion.so/Freret-Street-336a37df871081de906ce25765b5f9b9?pvs=21),https://freretstfest.com,
"April 4, 2026",Live Music,Tribute to Charlie Gabriel with Lawrence Sieberth,"Two shows at Snug Harbor. Tribute to Charlie Gabriel, beloved NOLA jazz clarinetist. Lawrence Sieberth is a versatile pianist/composer who served as musical director for Germaine Bazzle and the Original Tuxedo Jazz Band.",7:30pm & 9:30pm,,Ticketed,Snug Harbor Jazz Bistro (https://www.notion.so/Snug-Harbor-Jazz-Bistro-336a37df8710817d991ac7c353a0b568?pvs=21),https://snugjazz.com,Snug Harbor Jazz Bistro (https://www.notion.so/Snug-Harbor-Jazz-Bistro-337a37df87108108a9a7dedae8195534?pvs=21)
"April 3, 2026",Live Music,Jason Marsalis — Tribute to Brian Wilson & the Beach Boys,Two shows: 7:30pm & 9:30pm. Jason Marsalis is the youngest son of jazz patriarch Ellis Marsalis Jr. and one of NOLA's most respected drummers. A uniquely New Orleans take on Brian Wilson's iconic catalog. Intimate Snug Harbor setting on Frenchmen Street. Dinner reservations available via OpenTable before the show.,7:30pm & 9:30pm,,Ticketed,Snug Harbor Jazz Bistro (https://www.notion.so/Snug-Harbor-Jazz-Bistro-336a37df8710817d991ac7c353a0b568?pvs=21),https://snugjazz.com,Snug Harbor Jazz Bistro (https://www.notion.so/Snug-Harbor-Jazz-Bistro-337a37df87108108a9a7dedae8195534?pvs=21)
"April 4, 2026",Live Music,Rebirth Brass Band,"Rebirth Brass Band at Tipitina's — always a high energy show. Rebirth are one of the defining contemporary brass bands in NOLA, known for fusing traditional second line with funk, hip hop and jazz. Opening act: Sweet Magnolia. Ages 18+.",Doors 7:30pm / Show 8:30pm,Rebirth Brass Band (https://www.notion.so/Rebirth-Brass-Band-337a37df8710811ea63cde2563237480?pvs=21),Ticketed,Tipitina's (https://www.notion.so/Tipitina-s-330a37df871081128e2fd728f5c8e142?pvs=21),https://tipitinas.com,Tipitina's (https://www.notion.so/Tipitina-s-337a37df87108106828eef40c08353f2?pvs=21)
"April 5, 2026",Live Music,Johnny Sketch & The Dirty Notes,"Easter Sunday at Tipitina's. Johnny Sketch & The Dirty Notes are a beloved NOLA funk/soul band — high energy, deeply local. Opening act: Marc Paradis Performs Sea of Tranquility. Ages 18+.",Doors 7pm / Show 8pm,,Ticketed,Tipitina's (https://www.notion.so/Tipitina-s-330a37df871081128e2fd728f5c8e142?pvs=21),https://tipitinas.com,Tipitina's (https://www.notion.so/Tipitina-s-337a37df87108106828eef40c08353f2?pvs=21)
"April 4, 2026",Live Music,Tuba Skinny — d.b.a.,"Tuba Skinny are one of the finest traditional jazz bands in New Orleans — rooted in 1920s-30s New Orleans jazz, blues, and hokum. No cover, just buy a drink. Saturday sets at d.b.a. are legendary. Do not miss this if you like authentic NOLA music.",6pm - 9pm,Tuba Skinny (https://www.notion.so/Tuba-Skinny-337a37df871081498ac9e14a5d3c358e?pvs=21),"Free (no cover, drink purchase)",d.b.a. (https://www.notion.so/d-b-a-336a37df8710811c8ce1eaaf666c47c8?pvs=21),https://www.dbaneworleans.com,
"April 5, 2026",Live Music,Rob Wagner Trio — Snug Harbor,Easter Sunday show at Snug Harbor.,7:30pm,,Ticketed,Snug Harbor Jazz Bistro (https://www.notion.so/Snug-Harbor-Jazz-Bistro-336a37df8710817d991ac7c353a0b568?pvs=21),https://snugjazz.com,Snug Harbor Jazz Bistro (https://www.notion.so/Snug-Harbor-Jazz-Bistro-337a37df87108108a9a7dedae8195534?pvs=21)
"April 4, 2026",Community / Neighborhood,Crescent City Classic 10K,"Annual 10K road race on Easter Saturday. Route runs from near the Caesars Superdome through the French Quarter, up through Tremé, along Esplanade Ave to City Park. Post-race festival in City Park with live music, food, drink vendors, and costume contest. Even if not running, lining up on Esplanade Ave is great people-watching. Plenty of costume runners.",Morning race / post-race festival all day,,~$70 to run / Free to watch,,https://ccc10k.com,
"April 8, 2026",,Loyola's Uptown Threauxdown — Tipitina's,Loyola University's annual Uptown Threauxdown music showcase at Tipitina's. Local student and community performers. Ages 18+.,Doors 6pm / Show 7pm,,Ticketed,Tipitina's (https://www.notion.so/Tipitina-s-330a37df871081128e2fd728f5c8e142?pvs=21),https://www.ticketweb.com/event/loyolas-uptown-threauxdown-tipitinas-tickets/14126804,Tipitina's (https://www.notion.so/Tipitina-s-337a37df87108106828eef40c08353f2?pvs=21)
"April 8, 2026",Live Music,Zoë de Priester's Graduate Recital — Snug Harbor,Graduate recital performance at Snug Harbor. Single show.,7:30pm,,Ticketed,Snug Harbor Jazz Bistro (https://www.notion.so/Snug-Harbor-Jazz-Bistro-336a37df8710817d991ac7c353a0b568?pvs=21),https://snugjazz.com/calendar/,Snug Harbor Jazz Bistro (https://www.notion.so/Snug-Harbor-Jazz-Bistro-337a37df87108108a9a7dedae8195534?pvs=21)
"April 7, 2026",Live Music,Jasen Weaver Sextet — Snug Harbor,Jasen Weaver Sextet at Snug Harbor. Two shows: 7:30pm & 9:30pm. Ticketed.,7:30pm & 9:30pm,,Ticketed,Snug Harbor Jazz Bistro (https://www.notion.so/Snug-Harbor-Jazz-Bistro-336a37df8710817d991ac7c353a0b568?pvs=21),https://snugjazz.com/calendar/,Snug Harbor Jazz Bistro (https://www.notion.so/Snug-Harbor-Jazz-Bistro-337a37df87108108a9a7dedae8195534?pvs=21)
"April 8, 2026",Live Music,Delfeayo Marsalis & the Uptown Jazz Orchestra — Snug Harbor,"Delfeayo Marsalis (trombonist, youngest of the Marsalis brothers) leads the Uptown Jazz Orchestra. Regular Snug Harbor booking. Two shows: 7:30pm & 9:30pm.",7:30pm & 9:30pm,,Ticketed,Snug Harbor Jazz Bistro (https://www.notion.so/Snug-Harbor-Jazz-Bistro-336a37df8710817d991ac7c353a0b568?pvs=21),https://snugjazz.com/calendar/,Snug Harbor Jazz Bistro (https://www.notion.so/Snug-Harbor-Jazz-Bistro-337a37df87108108a9a7dedae8195534?pvs=21)
"April 9, 2026",Live Music,"Josh, Josh & Friends — Snug Harbor","Josh, Josh & Friends at Snug Harbor. Two shows: 7:30pm & 9:30pm.",7:30pm & 9:30pm,,Ticketed,Snug Harbor Jazz Bistro (https://www.notion.so/Snug-Harbor-Jazz-Bistro-336a37df8710817d991ac7c353a0b568?pvs=21),https://snugjazz.com/calendar/,Snug Harbor Jazz Bistro (https://www.notion.so/Snug-Harbor-Jazz-Bistro-337a37df87108108a9a7dedae8195534?pvs=21)
"April 4, 2026",Live Music,New Orleans Suspects presents Reuben's Painted Mandolin — Maple Leaf,"The New Orleans Suspects — NOLA funk/rock/jam supergroup — present Reuben's Painted Mandolin, a show celebrating the music of Jerry Garcia Band. Ages 21+.",Doors 7pm / Show 8pm,,Ticketed,Maple Leaf Bar (https://www.notion.so/Maple-Leaf-Bar-2fea37df87108191b26ed28cde42d35e?pvs=21),https://www.mapleleafbar.com/events/new-orleans-suspects-presents-reubens-painted-mandolin,Maple Leaf Bar (https://www.notion.so/Maple-Leaf-Bar-337a37df871081f1ae0fc1d154a8dd65?pvs=21)
"April 9, 2026",Live Music,Booker & Beyond: Prof. Tim Piano Series feat. Josh Paxton — Maple Leaf,"Weekly Thursday Booker & Beyond Piano Series celebrating New Orleans piano traditions, honoring James Carroll Booker. This week featuring Josh Paxton. Ages 21+.",Doors 5pm / Show 6pm,,Ticketed,Maple Leaf Bar (https://www.notion.so/Maple-Leaf-Bar-2fea37df87108191b26ed28cde42d35e?pvs=21),https://www.mapleleafbar.com/events/booker-beyond-the-professor-tim-piano-series-featuring-josh-paxton-1,Maple Leaf Bar (https://www.notion.so/Maple-Leaf-Bar-337a37df871081f1ae0fc1d154a8dd65?pvs=21)
"April 5, 2026",Live Music,BC3 — Maple Leaf,"BC3 with Rik Fletcher, Doug Belote & Bert Cotton. Ages 21+.",Doors 7pm / Show 8pm,,Ticketed,Maple Leaf Bar (https://www.notion.so/Maple-Leaf-Bar-2fea37df87108191b26ed28cde42d35e?pvs=21),https://www.mapleleafbar.com/events/bc3-with-rik-fletcher-doug-belote-bert-cotton,Maple Leaf Bar (https://www.notion.so/Maple-Leaf-Bar-337a37df871081f1ae0fc1d154a8dd65?pvs=21)
"April 8, 2026",Live Music,Happy Organ Hour: Joe Ashlar feat. Stanton Moore & Ari Teitel — Maple Leaf,"Happy Organ Hour presented by Joe Ashlar, featuring Stanton Moore (Galactic) and Ari Teitel. Weekly Wednesday organ night. Ages 21+.",Doors 6pm / Show 7pm,Stanton Moore (https://www.notion.so/Stanton-Moore-337a37df871081b7a0edc1f041908f5f?pvs=21),Ticketed,Maple Leaf Bar (https://www.notion.so/Maple-Leaf-Bar-2fea37df87108191b26ed28cde42d35e?pvs=21),https://www.mapleleafbar.com/events/happy-organ-hour-presented-by-joe-ashlar-with-stanton-moore-ari-teitel-1,Maple Leaf Bar (https://www.notion.so/Maple-Leaf-Bar-337a37df871081f1ae0fc1d154a8dd65?pvs=21)
"April 7, 2026",Live Music,NOLA Very Good Tuesday — Maple Leaf,"Recurring weekly free improv night every Tuesday at 9pm. New Orleans' top musicians, no covers played — only originals and improvisation. Rotating lineup, no advance ticket needed. Ages 21+.",Show 9pm,,Free,Maple Leaf Bar (https://www.notion.so/Maple-Leaf-Bar-2fea37df87108191b26ed28cde42d35e?pvs=21),https://www.mapleleafbar.com/events/nola-very-good-tuesday-1,Maple Leaf Bar (https://www.notion.so/Maple-Leaf-Bar-337a37df871081f1ae0fc1d154a8dd65?pvs=21)
"April 9, 2026",Live Music,James Jordan and the Situation — Maple Leaf,James Jordan and the Situation. Ages 21+.,Doors 7pm / Show 8pm,,Ticketed,Maple Leaf Bar (https://www.notion.so/Maple-Leaf-Bar-2fea37df87108191b26ed28cde42d35e?pvs=21),https://www.mapleleafbar.com/events/james-jordan-and-the-situation-1,Maple Leaf Bar (https://www.notion.so/Maple-Leaf-Bar-337a37df871081f1ae0fc1d154a8dd65?pvs=21)
"April 6, 2026",Live Music,George Porter Jr. Trio — Maple Leaf (Early & Late),"George Porter Jr. Trio — two shows same night. Early show 7pm, late show 10pm. George Porter Jr. is co-founder of The Meters. This is his regular Monday residency at the Maple Leaf. Ages 21+.",Early 7pm / Late 10pm,George Porter Jr. (https://www.notion.so/George-Porter-Jr-337a37df8710819b8709c1297b03a763?pvs=21),Ticketed,Maple Leaf Bar (https://www.notion.so/Maple-Leaf-Bar-2fea37df87108191b26ed28cde42d35e?pvs=21),https://www.mapleleafbar.com/events/early-show-george-porter-jr-trio-4,Maple Leaf Bar (https://www.notion.so/Maple-Leaf-Bar-337a37df871081f1ae0fc1d154a8dd65?pvs=21)
"April 3, 2026",Live Music,"Ladyparts feat. Lynn Drury, Margie Perez & More — Maple Leaf","Ladyparts showcase featuring Lynn Drury, Margie Perez and more. All-women lineup. Ages 21+.",Doors 7pm / Show 7:30pm,,Ticketed,Maple Leaf Bar (https://www.notion.so/Maple-Leaf-Bar-2fea37df87108191b26ed28cde42d35e?pvs=21),https://www.mapleleafbar.com/events/ladyparts-featuring-lynn-drury-margie-perez-more,Maple Leaf Bar (https://www.notion.so/Maple-Leaf-Bar-337a37df871081f1ae0fc1d154a8dd65?pvs=21)
,Festival,,,,,,,,
"April 26, 2026",,Adam Deitch 50th Birthday Celebration — The Broadside,"Part of Fest by Nite 2026. Adam Deitch's (Lettuce/Break Science) 50th birthday all-star celebration. PERFORMERS: Adam Deitch (drums) ft. Oteil Burbridge (bass), Ivan Neville (keys), Marcus Machado (guitar), and more TBA.",Evening,,TBD,The Broadside (https://www.notion.so/The-Broadside-330a37df8710817aa21ec9dfff49e4f1?pvs=21),https://liveforlivemusic.com/news/new-orleans-jazz-fest-2026-schedule-the-cubes/,
"April 28, 2026",Live Music,Dogs in a Pile — Fest by Nite,"Part of Fest by Nite 2026. PERFORMERS: Dogs in a Pile (Jeremy Kaplan — keys/vocals, Brian Murray — guitar/vocals, Joey Babick — drums, Jimmy Law — guitar/vocals, Sam Lucid — bass). NJ jam band, third year playing Jazz Fest. Supporting new album Distroid.",Doors 10:30pm / Show 11:30pm,,TBD,Toulouse Theatre (https://www.notion.so/Toulouse-Theatre-330a37df871081e7ad5efa952f2439ca?pvs=21),https://liveforlivemusic.com/news/dogs-in-a-pile-2026-fest-by-nite-nola-during-jazz-fest/,
"April 29, 2026",,Purity Ring — House of Blues,Canadian electronic dream-pop duo Purity Ring (Megan James + Corin Roddick) performing during Daze Between.,Evening,,TBD,House of Blues (https://www.notion.so/House-of-Blues-2fea37df871081e5bc77e92115568ee7?pvs=21),https://www.houseofblues.com/neworleans,
"April 29, 2026",,Grahame Lesh & Friends — Joy Theater (Night 2),"Part of Fest by Nite 2026. Night 2 of 2-night Daze Between run. Different lineup from Night 1. PERFORMERS: Grahame Lesh (guitar/vocals), Daniel Donato (guitar), Jake Brownstein (guitar, Eggy), John Molo (drums), Cory Henry (organ, Funk Apostles), Kanika Moore (vocals), Preservation Hall Horns, special guest Ivan Neville (keys/vocals, Dumpstaphunk).",Doors 6:30pm / Show 7:30pm,,TBD,The Joy Theater (https://www.notion.so/The-Joy-Theater-330a37df871081278073f8f2e86aba86?pvs=21),https://liveforlivemusic.com/news/grahame-lesh-friends-joy-theater-new-orleans-jazz-fest-by-nite-2026/,
"April 28, 2026 → April 29, 2026",,Cake — Saenger Theatre (2-Night Run),Sacramento alt-rock/funk band CAKE plays two nights at the Saenger during the Daze Between. Dates: April 28 & 29.,Evening,,TBD,Saenger Theatre (https://www.notion.so/Saenger-Theatre-336a37df871081ebb8f0e5c1f3167469?pvs=21),https://www.saengertheatre.com,
"April 29, 2026",,The Radiators — Civic Theatre,"Legendary New Orleans rock band The Radiators performing during Daze Between. The Radiators are a beloved NOLA institution, playing their signature 'fishhead' sound since the 1970s.",Evening,,TBD,Civic Theatre (https://www.notion.so/Civic-Theatre-33da37df87108170b6adc7dd3c78a116?pvs=21),https://civicnola.com,
"April 29, 2026",Live Music,Andrew Duhon — Chickie Wah Wah,New Orleans singer-songwriter Andrew Duhon performing during Daze Between.,Evening,,TBD,Chickie Wah Wah (https://www.notion.so/Chickie-Wah-Wah-336a37df871081b0b67ef9b3c8fd3f91?pvs=21),https://chickiewahwah.com,
"April 28, 2026",Live Music,Joe Marcinek / Dead Funk Summit — d.b.a.,"Daze Between show. Doors 8pm, show starts 9pm. Two sets: (1) Joe Marcinek opening set with Lilli Lewis, Reggie Scanlan, Bruce Sunpie Barnes, Massey, Will Murry of Iceman Special/Hollyrock. (2) Joe's Dead Funk Summit ft. George Porter Jr., Big Sam, Tony Hall, Brad Walker, Terrence Houston, Michael Lemmler. Mix-and-match collaboration between sets promised. Only 50 presale tickets at $20.",Doors 8pm / Show 9pm,,$20,d.b.a. (https://www.notion.so/d-b-a-336a37df8710811c8ce1eaaf666c47c8?pvs=21),https://www.dbanola.com,
"April 29, 2026",Live Music,Sgt. Splendor ft. Eric McFadden & more — Chickie Wah Wah,"Daze Between show at Chickie Wah Wah. PERFORMERS: Sgt. Splendor with Eric McFadden, Kate Vargas, Charlie Wooten, and Simon Lott.",Evening,,TBD,Chickie Wah Wah (https://www.notion.so/Chickie-Wah-Wah-336a37df871081b0b67ef9b3c8fd3f91?pvs=21),https://chickiewahwah.com,
"April 28, 2026",Live Music,Sally Baby’s Three Silver Opera — Pharmacy Museum Courtyard,"Intimate outdoor courtyard concert at the historic New Orleans Pharmacy Museum. On the heels of their NPR Tiny Desk debut. Oysters from Oysters Dandy (cash/Venmo). 18+, 21+ to drink. No seating — bring a fest chair. Ticket at door depends on remaining capacity. Exact date during Jazz Fest season — check venue Instagram for confirmation.",Evening,,$20,New Orleans Pharmacy Museum (https://www.notion.so/New-Orleans-Pharmacy-Museum-33da37df871081a5a18ec82a459b4405?pvs=21),https://pharmacymuseum.org,
"April 28, 2026",,Grahame Lesh & Friends — Joy Theater (Night 1),"Part of Fest by Nite 2026. Night 1 of 2-night Daze Between run. PERFORMERS: Grahame Lesh (guitar/vocals), Oteil Burbridge (bass, Dead & Co), Daniel Donato (guitar), John Molo (drums), Aron Magner (keys, Disco Biscuits), Kanika Moore (vocals), Preservation Hall Horns, special guest Bill Payne (keys, Little Feat).",Doors 6:30pm / Show 7:30pm,,TBD,The Joy Theater (https://www.notion.so/The-Joy-Theater-330a37df871081278073f8f2e86aba86?pvs=21),https://liveforlivemusic.com/news/grahame-lesh-friends-joy-theater-new-orleans-jazz-fest-by-nite-2026/,
"April 30, 2026",,Daniel Donato's Cosmic Country — Civic Theatre,Daniel Donato's Cosmic Country performing at Civic Theatre during Weekend 2 of Jazz Fest. Donato also appears with Grahame Lesh & Friends during the Daze Between.,Evening,,TBD,Civic Theatre (https://www.notion.so/Civic-Theatre-33da37df87108170b6adc7dd3c78a116?pvs=21),https://civicnola.com,
"April 30, 2026",Live Music,Stanton Moore & Friends — Fest by Nite,"Part of Fest by Nite 2026. PERFORMERS: Stanton Moore (drums, Galactic) & Friends ft. Robert Walter (keys), Skerik (sax), Big Sam (trombone), Will Bernard (guitar).",Evening,,TBD,Toulouse Theatre (https://www.notion.so/Toulouse-Theatre-330a37df871081e7ad5efa952f2439ca?pvs=21),https://liveforlivemusic.com/news/new-orleans-jazz-fest-2026-schedule-the-cubes/,
"April 30, 2026",,Cory Henry + MonoNeon & Friends — Fest by Nite (Late Night),"Part of Fest by Nite 2026. Late-night show (technically early AM 5/1). PERFORMERS: Cory Henry (organ/keys, Snarky Puppy alum) + MonoNeon (bass virtuoso) & Friends.",Late night (early AM 5/1),,TBD,Toulouse Theatre (https://www.notion.so/Toulouse-Theatre-330a37df871081e7ad5efa952f2439ca?pvs=21),https://liveforlivemusic.com/news/new-orleans-jazz-fest-2026-schedule-the-cubes/,
"May 2, 2026",,Karina Rykman — Toulouse Theatre (Late Night),"Part of Fest by Nite 2026. Late-night show (technically early AM 5/3). PERFORMERS: Karina Rykman (bass virtuoso, regular Mike Gordon collaborator).",Late night (early AM 5/3),,TBD,Toulouse Theatre (https://www.notion.so/Toulouse-Theatre-330a37df871081e7ad5efa952f2439ca?pvs=21),https://liveforlivemusic.com/news/new-orleans-jazz-fest-2026-schedule-the-cubes/,
"May 2, 2026",,J & The Causeways: Alligator Rock — A Tribute to Elton John,Part of Fest by Nite 2026. J & The Causeways also perform at Jazz Fest proper on Sat May 2 (Festival Stage). NOLA tribute to Elton John.,Evening,,TBD,Toulouse Theatre (https://www.notion.so/Toulouse-Theatre-330a37df871081e7ad5efa952f2439ca?pvs=21),https://liveforlivemusic.com/news/new-orleans-jazz-fest-2026-schedule-the-cubes/,
"May 1, 2026",Live Music,"The Heavyweights ft. Cory Henry, Eric Krasno, Robert 'Sput' Searight w/ Oteil Burbridge","Part of Fest by Nite 2026. Two-set show. PERFORMERS: The Heavyweights — Cory Henry (organ), Eric Krasno (guitar), Robert 'Sput' Searight (drums) with special guest Oteil Burbridge (bass). All three are Snarky Puppy veterans/collaborators.",Doors 8pm / Show 9pm (Two Sets),,TBD,The Joy Theater (https://www.notion.so/The-Joy-Theater-330a37df871081278073f8f2e86aba86?pvs=21),https://liveforlivemusic.com/news/supergroup-the-heavyweights-coryhenry-erickrasno-robertsputsearight-oteilburbridge-joytheater-neworleans-jazz-fest-by-nite-2026/,
"May 1, 2026",,Gov’t Mule — Orpheum Theater,"Night 2 of 2-night Orpheum run. Gov't Mule in full-force intimate theater show. Final date of their spring headlining tour. PERFORMERS: Warren Haynes (guitar/vocals), Danny Louis (keys), Jorgen Carlsson (bass), Donn Clendenon (drums).",Evening,,TBD,Orpheum Theater (https://www.notion.so/Orpheum-Theater-33da37df871081a08769d377b570873a?pvs=21),https://orpheumnola.com,
"April 30, 2026",,Karl Denson's Tiny Universe — The Fillmore,Karl Denson's Tiny Universe performing at The Fillmore during Weekend 2 of Jazz Fest.,Evening,,TBD,The Fillmore New Orleans (https://www.notion.so/The-Fillmore-New-Orleans-33da37df8710818a9e98c407b31db219?pvs=21),https://www.fillmorenola.com,
"May 2, 2026",,The Meters — Saenger Theatre,"SOLD OUT. The Meters reunion show at the Saenger. Leo Nocentelli, George Porter Jr., Zigaboo Modeliste. Reunion show — extremely rare. The Meters also played The Fillmore on Fri Apr 24 (also sold out).",Evening,,SOLD OUT,Saenger Theatre (https://www.notion.so/Saenger-Theatre-336a37df871081ebb8f0e5c1f3167469?pvs=21),https://liveforlivemusic.com/news/new-orleans-jazz-fest-2026-schedule-the-cubes/,
"April 30, 2026",Live Music,Son Rompe Pera — Tipitina’s,Mexican cumbia/cumbia sonidera band Son Rompe Pera performing at Tipitina's during Weekend 2 of Jazz Fest.,Evening,,TBD,Tipitina's (https://www.notion.so/Tipitina-s-330a37df871081128e2fd728f5c8e142?pvs=21),https://tipitinas.com/calendar,
"April 30, 2026",Live Music,Help on the Way — The Howlin' Wolf,"Part of Fest by Nite 2026. Grateful Dead tribute supergroup. PERFORMERS: Help on the Way ft. Eric Krasno, Ross James, Oteil Burbridge, Grahame Lesh, Ivan Neville, Nikki Glaspie, Steve Watkins.",Evening,,TBD,The Howlin' Wolf (https://www.notion.so/The-Howlin-Wolf-330a37df8710810e92e6ec8780c42dbf?pvs=21),https://liveforlivemusic.com/news/new-orleans-jazz-fest-2026-schedule-the-cubes/,
"April 30, 2026",,Warren Haynes Band: Dreams & Songs Symphonic Experience w/ LPO,"Night 1 of 2-night Orpheum run. Warren Haynes Band performs Dreams & Songs Symphonic Experience with the Louisiana Philharmonic Orchestra, conducted by Rich Daniels. Explores his full catalog: Gov't Mule, Allman Brothers, Grateful Dead/Jerry Garcia, and solo work. Part of Orpheum's Jazz Afterdark Series.",Evening,,TBD,Orpheum Theater (https://www.notion.so/Orpheum-Theater-33da37df871081a08769d377b570873a?pvs=21),https://orpheumnola.com/event/warren-haynes-dreams-songs-symphonic-experience-with-the-lpo/,
"April 30, 2026",,The Motet Plays Jamiroquai — The Howlin' Wolf (Late Night),Part of Fest by Nite 2026. Late-night show (technically early AM 5/1). PERFORMERS: The Motet performing the music of Jamiroquai.,Late night (early AM 5/1),,TBD,The Howlin' Wolf (https://www.notion.so/The-Howlin-Wolf-330a37df8710810e92e6ec8780c42dbf?pvs=21),https://liveforlivemusic.com/news/new-orleans-jazz-fest-2026-schedule-the-cubes/,
"April 30, 2026",,"Dead Feat ft. Anders Osborne, Kenny Gradney & more — Republic NOLA","Grateful Dead/Little Feat tribute supergroup featuring NOLA musicians. PERFORMERS: Dead Feat with Anders Osborne, Kenny Gradney (bass, Little Feat), Jackie Greene, and more.",Evening,,TBD,Republic NOLA (https://www.notion.so/Republic-NOLA-33da37df871081ea8bbae55e8e602eaf?pvs=21),https://republicnola.com,
"April 30, 2026",,Lettuce: RAGE!FEST — Fest by Nite,"PERFORMERS: Lettuce (Ryan Zoidis, Eric 'Benny' Bloom, Adam Deitch, Adam 'Shmeeans' Smirnoff, Erick 'Jesus' Coomes, and more). Annual RAGE!FEST late-night at Joy Theater. Also performing at Fair Grounds earlier that day (Festival Stage, 2:45pm). Part of Fest by Nite 2026.",Evening,,Ticketed,The Joy Theater (https://www.notion.so/The-Joy-Theater-330a37df871081278073f8f2e86aba86?pvs=21),https://liveforlivemusic.com/news/new-orleans-jazz-fest-2026-schedule-the-cubes/,
"April 30, 2026",Live Music,Stanton Moore & Friends — Fest by Nite,"PERFORMERS: Stanton Moore (drums, Galactic), Robert Walter (keys), Skerik (sax), Big Sam Williams (trombone), Will Bernard (guitar). All-star jazz-funk project. Part of Fest by Nite 2026 at Toulouse Theatre.",Evening,,Ticketed,Toulouse Theatre (https://www.notion.so/Toulouse-Theatre-330a37df871081e7ad5efa952f2439ca?pvs=21),https://liveforlivemusic.com/news/new-orleans-jazz-fest-2026-schedule-the-cubes/,
"April 30, 2026",,Cory Henry + MonoNeon & Friends — Fest by Nite,"PERFORMERS: Cory Henry (organ/keys, Snarky Puppy / Funk Apostles) + MonoNeon (bass, Prince collaborator) & Friends. Late-night show at Toulouse. Cory Henry also playing Fair Grounds earlier on May 2. Part of Fest by Nite 2026.",After midnight (technically early am 5/1),,Ticketed,Toulouse Theatre (https://www.notion.so/Toulouse-Theatre-330a37df871081e7ad5efa952f2439ca?pvs=21),https://liveforlivemusic.com/news/new-orleans-jazz-fest-2026-schedule-the-cubes/,
"April 28, 2026",Live Music,Sally Baby's Three Silver Opera — Pharmacy Museum,"PERFORMERS: Sally Baby and the band. Outdoor courtyard show at the New Orleans Pharmacy Museum during Jazz Fest season. On the heels of an NPR Tiny Desk debut. Oysters available from Oysters Dandy (cash/Venmo). 18+ welcome, 21+ to drink. No seating — bring a chair. Tickets sold in advance via http://pharmacymuseum.org. Unique venue — French Quarter historic courtyard.",Evening (verify with venue),,$20,New Orleans Pharmacy Museum (https://www.notion.so/New-Orleans-Pharmacy-Museum-33da37df871081a5a18ec82a459b4405?pvs=21),https://www.pharmacymuseum.org,
"May 1, 2026",Festival,Bayou Rendezvous — 24th Annual,PRESENTED BY: Satisfied Productions. 24th Annual Bayou Rendezvous at The Broadside. Lineup TBA. Companion event to 1st Annual Bayou RenDAZEvous (Mon Apr 27). Both part of the Jazz Fest weekend / Daze Between ecosystem.,TBA,,TBA,The Broadside (https://www.notion.so/The-Broadside-330a37df8710817aa21ec9dfff49e4f1?pvs=21),https://www.jazzfestforum.com/forum/main-category/jazz-fest-forum/894309-2026-nighttime-concerts-the-grids/page4,
"April 29, 2026",,Purity Ring — House of Blues,PERFORMERS: Purity Ring (Canadian electronic dream-pop duo). Daze Between show at House of Blues New Orleans.,Evening,,Ticketed,House of Blues (https://www.notion.so/House-of-Blues-2fea37df871081e5bc77e92115568ee7?pvs=21),https://www.nola.com/gambit/events/new-orleans-spring-concert-calendar/article_616e7ec0-abfc-41ed-80d1-b2977ff2ea41.html,
"April 29, 2026",,The Radiators — Civic Theatre,PERFORMERS: The Radiators (legendary New Orleans rock band). Daze Between show at Civic Theatre. The Radiators are a beloved NOLA institution known for 'fish-head' music — funky rock with deep NOLA roots.,Evening,,Ticketed,Civic Theatre (https://www.notion.so/Civic-Theatre-33da37df87108170b6adc7dd3c78a116?pvs=21),https://www.nola.com/gambit/events/new-orleans-spring-concert-calendar/article_616e7ec0-abfc-41ed-80d1-b2977ff2ea41.html,
"April 27, 2026",Festival,Bayou RenDAZEvous — 1st Annual,PRESENTED BY: Satisfied Productions. NEW in 2026 — replaces the NOLA Crawfish Fest (which is not happening this year per organizer). The Broadside's first 'RenDAZEvous' event during the Daze Between. Details and lineup TBA. Companion event: 24th Annual Bayou Rendezvous at The Broadside on Fri May 1.,TBA,,TBA,The Broadside (https://www.notion.so/The-Broadside-330a37df8710817aa21ec9dfff49e4f1?pvs=21),https://www.jazzfestforum.com/forum/main-category/jazz-fest-forum/894309-2026-nighttime-concerts-the-grids/page4,
"April 28, 2026",Live Music,Joe Marcinek & Dead Funk Summit — d.b.a.,"TWO SETS: Early set with Joe Marcinek + Lilli Lewis, Reggie Scanlan, Bruce Sunpie Barnes, Massey, Will Murry (Iceman Special/Hollyrock). Late set: Dead Funk Summit ft. George Porter Jr. (bass, The Meters), Big Sam (trombone), Tony Hall (bass/vocals, Dumpstaphunk), Brad Walker (sax), Terrence Houston (drums), Michael Lemmler (keys). Mix-and-match collaborations across sets. Only 50 presale tickets at $20 — verify availability. Independently promoted show.",Doors 8pm / Sets from 9pm and 11pm,,$20,d.b.a. (https://www.notion.so/d-b-a-336a37df8710811c8ce1eaaf666c47c8?pvs=21),https://www.jazzfestforum.com/forum/main-category/jazz-fest-forum/894309-2026-nighttime-concerts-the-grids/page16,
"April 24, 2026",,STS9 — Fest by Nite (Night 2),PERFORMERS: STS9. Night 2 of 2-night Joy Theater run. Part of Fest by Nite 2026.,Doors 9pm / Show 10pm,,Ticketed,The Joy Theater (https://www.notion.so/The-Joy-Theater-330a37df871081278073f8f2e86aba86?pvs=21),https://liveforlivemusic.com/news/sts9-joy-theater-new-orleans-jazz-fest-by-nite-2026/,
"April 28, 2026",,Grahame Lesh & Friends — Fest by Nite (Night 1),"PERFORMERS: Grahame Lesh (guitar/bass/vocals, son of Phil Lesh), Oteil Burbridge (bass, Dead & Company), Daniel Donato (guitar, Cosmic Country), John Molo (drums), Aron Magner (keys, Disco Biscuits), Kanika Moore (vocals), The Preservation Hall Horns; special guest Bill Payne (keys, Little Feat). Night 1 of 2-night Joy Theater run during Daze Between. Part of Fest by Nite 2026. Context: Bob Weir passed away Jan 10, 2026 — Grahame has been central to carrying the Dead legacy forward.",Doors 6:30pm / Show 7:30pm,,Ticketed,The Joy Theater (https://www.notion.so/The-Joy-Theater-330a37df871081278073f8f2e86aba86?pvs=21),https://liveforlivemusic.com/news/grahame-lesh-friends-joy-theater-new-orleans-jazz-fest-by-nite-2026/,
"April 28, 2026 → April 29, 2026",,Cake — 2-Night Run,PERFORMERS: Cake (Sacramento alt-rock band). 2-night run at Saenger Theatre during Daze Between. Dates: Tue Apr 28 and Wed Apr 29.,Evening,,Ticketed,Saenger Theatre (https://www.notion.so/Saenger-Theatre-336a37df871081ebb8f0e5c1f3167469?pvs=21),https://www.nola.com/gambit/events/new-orleans-spring-concert-calendar/article_616e7ec0-abfc-41ed-80d1-b2977ff2ea41.html,
"April 29, 2026",Live Music,Sgt. Splendor ft. Eric McFadden & Friends,"PERFORMERS: Sgt. Splendor featuring Eric McFadden (guitar), Kate Vargas (vocals), Charlie Wooten (bass), Simon Lott (drums). Also: Andrew Duhon plays separately at Chickie Wah Wah same night (listed as separate show in Gambit calendar — may be same or different bill, verify).",Evening,,TBA,Chickie Wah Wah (https://www.notion.so/Chickie-Wah-Wah-336a37df871081b0b67ef9b3c8fd3f91?pvs=21),https://www.nola.com/gambit/events/new-orleans-spring-concert-calendar/article_616e7ec0-abfc-41ed-80d1-b2977ff2ea41.html,
"April 30, 2026",,Warren Haynes Band — Dreams & Songs Symphonic Experience (with LPO),"PERFORMERS: Warren Haynes Band with The Louisiana Philharmonic Orchestra, conducted by Rich Daniels (Chicago City Lights Orchestra). Symphonic experience debuted in 2019 — explores Haynes' full catalog including Gov't Mule, Allman Brothers, The Dead, Jerry Garcia, and solo work. Part of Orpheum's Jazz Afterdark Series. Night 1 of 2 at Orpheum. Tickets via Ticketmaster.",Evening,,Ticketed (from ~$65 top balcony),Orpheum Theater (https://www.notion.so/Orpheum-Theater-33da37df871081a08769d377b570873a?pvs=21),https://orpheumnola.com/event/warren-haynes-dreams-songs-symphonic-experience-with-the-lpo/,
"April 28, 2026",Live Music,Dogs in a Pile — Fest by Nite,"PERFORMERS: Dogs in a Pile — Jeremy Kaplan (keys/vocals), Brian Murray (guitar/vocals), Joey Babick (drums), Jimmy Law (guitar/vocals), Sam Lucid (bass/vocals). NJ-based jam band. Third annual NOLA appearance during Jazz Fest. Late-night Toulouse show during Daze Between. Part of Fest by Nite 2026.",Doors 10:30pm / Show 11:30pm,,Ticketed,Toulouse Theatre (https://www.notion.so/Toulouse-Theatre-330a37df871081e7ad5efa952f2439ca?pvs=21),https://liveforlivemusic.com/news/dogs-in-a-pile-2026-fest-by-nite-nola-during-jazz-fest/,
"April 25, 2026",Live Music,The Funk Sessions — Fest by Nite,"PERFORMERS: Ivan Neville (keys/vocals), Adam Deitch (drums), Erick 'Maverick' Coomes (bass), Ashlin Parker (trumpet), Skerik (sax). All-star funk collective. Fest by Nite 2026 at Toulouse Theatre.",Evening,,Ticketed,Toulouse Theatre (https://www.notion.so/Toulouse-Theatre-330a37df871081e7ad5efa952f2439ca?pvs=21),https://liveforlivemusic.com/news/new-orleans-jazz-fest-2026-schedule-the-cubes/,
"May 1, 2026",,The Heavyweights ft. Oteil Burbridge — Fest by Nite,"PERFORMERS: The Heavyweights — Cory Henry (organ), Eric Krasno (guitar, Soulive), Robert 'Sput' Searight (drums, Snarky Puppy / Ghost-Note); special guest Oteil Burbridge (bass, Dead & Company). Two-set performance. Part of Fest by Nite 2026 at The Joy Theater.",Doors 8pm / Show 9pm (Two Sets),,Ticketed,The Joy Theater (https://www.notion.so/The-Joy-Theater-330a37df871081278073f8f2e86aba86?pvs=21),https://liveforlivemusic.com/news/supergroup-the-heavyweights-coryhenry-erickrasno-robertsputsearight-oteilburbridge-joytheater-neworleans-jazz-fest-by-nite-2026/,
"April 30, 2026",,"Help on the Way ft. Krasno, Lesh, Neville & All-Stars","PERFORMERS: Eric Krasno (guitar, Soulive), Ross James (drums), Oteil Burbridge (bass, Dead & Company), Grahame Lesh (guitar/vocals), Ivan Neville (keys/vocals, Dumpstaphunk), Nikki Glaspie (drums), Steve Watkins. Dead-influenced all-star project. Part of Fest by Nite 2026 at The Howlin' Wolf.",Evening,,Ticketed,The Howlin' Wolf (https://www.notion.so/The-Howlin-Wolf-330a37df8710810e92e6ec8780c42dbf?pvs=21),https://liveforlivemusic.com/news/new-orleans-jazz-fest-2026-schedule-the-cubes/,
"April 24, 2026",,Break Science — Fest by Nite,PERFORMERS: Break Science (Adam Deitch on drums/arrangement + Borahm Lee on keys/production). Late-night dance party. Part of Fest by Nite 2026 at Toulouse Theatre.,After midnight (technically early am 4/25),,Ticketed,Toulouse Theatre (https://www.notion.so/Toulouse-Theatre-330a37df871081e7ad5efa952f2439ca?pvs=21),https://liveforlivemusic.com/news/break-science-jazz-fest-by-nite-2026-toulouse-theatre-new-orleans/,
"April 23, 2026",,STS9 — Fest by Nite (Night 1),"PERFORMERS: STS9 (Hunter Brown, Dave Phipps, Zach Velmer, Jeffree Lerner, Alana Rocklin). Night 1 of a 2-night Joy Theater run. Part of Live For Live Music / GMP Live's Fest by Nite 2026 series. Supporting 2025 album Human Dream.",Doors 9pm / Show 10pm,,Ticketed,The Joy Theater (https://www.notion.so/The-Joy-Theater-330a37df871081278073f8f2e86aba86?pvs=21),https://liveforlivemusic.com/news/sts9-joy-theater-new-orleans-jazz-fest-by-nite-2026/,
"April 27, 2026",Live Music,Brad Walker + All-Stars — Daze Between,"PERFORMERS: Brad Walker (sax), Oteil Burbridge (bass, Dead & Company), Adam Deitch (drums, Lettuce), Nicholas Payton (trumpet), and friends. Listed in Jazz Fest Grids for Monday of the Daze Between. Exact details TBA — verify with d.b.a. before attending.",Evening,,TBA,d.b.a. (https://www.notion.so/d-b-a-336a37df8710811c8ce1eaaf666c47c8?pvs=21),https://www.jazzfestforum.com/forum/main-category/jazz-fest-forum/894309-2026-nighttime-concerts-the-grids/page16,
"May 2, 2026",,J & The Causeways: Alligator Rock — Toulouse Theatre,"PERFORMERS: J & The Causeways performing 'Alligator Rock: A New Orleans Tribute to Elton John.' J & The Causeways also performing at Fair Grounds earlier same day (Festival Stage, 12:25pm). Fest by Nite 2026 at Toulouse Theatre.",Evening,,Ticketed,Toulouse Theatre (https://www.notion.so/Toulouse-Theatre-330a37df871081e7ad5efa952f2439ca?pvs=21),https://liveforlivemusic.com/news/new-orleans-jazz-fest-2026-schedule-the-cubes/,
"May 2, 2026",,Karina Rykman — Toulouse Theatre,"PERFORMERS: Karina Rykman (bassist/vocalist, solo project — known for work with Marcus King Band and jam scene). Late-night Saturday show at Toulouse. Fest by Nite 2026.",After midnight (technically early am 5/3),,Ticketed,Toulouse Theatre (https://www.notion.so/Toulouse-Theatre-330a37df871081e7ad5efa952f2439ca?pvs=21),https://liveforlivemusic.com/news/new-orleans-jazz-fest-2026-schedule-the-cubes/,
"April 30, 2026",Live Music,Daniel Donato's Cosmic NOLA — Civic Theatre,PERFORMERS: Daniel Donato's Cosmic Country. Nashville-based guitarist/bandleader who also appears with Grahame Lesh & Friends during Daze Between. Special NOLA-themed show at Civic Theatre on Weekend 2 kickoff night.,Evening,,Ticketed,Civic Theatre (https://www.notion.so/Civic-Theatre-33da37df87108170b6adc7dd3c78a116?pvs=21),https://www.nola.com/gambit/events/new-orleans-spring-concert-calendar/article_616e7ec0-abfc-41ed-80d1-b2977ff2ea41.html,
"April 30, 2026",,The Motet Plays Jamiroquai — Fest by Nite,PERFORMERS: The Motet performing Jamiroquai tribute set. Denver-based funk/jazz band known for deep tribute performances. Part of Fest by Nite 2026 late-night at The Howlin' Wolf.,After midnight (technically early am 5/1),,Ticketed,The Howlin' Wolf (https://www.notion.so/The-Howlin-Wolf-330a37df8710810e92e6ec8780c42dbf?pvs=21),https://liveforlivemusic.com/news/new-orleans-jazz-fest-2026-schedule-the-cubes/,
"April 26, 2026",,Adam Deitch 50th Birthday Celebration,"PERFORMERS: Adam Deitch (drums, Lettuce / Break Science) celebrating his 50th birthday. Guests include Oteil Burbridge (Dead & Company), Ivan Neville (Dumpstaphunk), Marcus Machado, and more TBA. Part of Fest by Nite 2026 ecosystem at The Broadside.",Evening,,Ticketed,The Broadside (https://www.notion.so/The-Broadside-330a37df8710817aa21ec9dfff49e4f1?pvs=21),https://liveforlivemusic.com/news/new-orleans-jazz-fest-2026-schedule-the-cubes/,
"April 24, 2026",,The Meters w/ Dumpstaphunk — Fest by Nite,"PERFORMERS: The Meters reunion show featuring George Porter Jr., Leo Nocentelli; with Dumpstaphunk (Ivan Neville, Tony Hall). SOLD OUT. Fest by Nite 2026. Meters also playing Saenger Theatre on Sat May 2 (also SOLD OUT).",Evening,,SOLD OUT,The Fillmore New Orleans (https://www.notion.so/The-Fillmore-New-Orleans-33da37df8710818a9e98c407b31db219?pvs=21),https://liveforlivemusic.com/news/new-orleans-jazz-fest-2026-schedule-the-cubes/,
"April 26, 2026",Live Music,Sylvan Esso (DJ Set) — Fest by Nite,"PERFORMERS: Sylvan Esso DJ Set (Amelia Meath + Nick Sanborn / Made of Oak). Electro-pop duo from Durham, NC. Rounds out Weekend 1 of Fest by Nite 2026. $1 from every ticket benefits Positive Legacy and Grace at the Green Light.",Doors 9pm / Show 10pm,,GA $30 adv / $35 DOS / VIP $65,Toulouse Theatre (https://www.notion.so/Toulouse-Theatre-330a37df871081e7ad5efa952f2439ca?pvs=21),https://liveforlivemusic.com/news/sylvan-esso-dj-set-toulouse-theatre-new-orleans-jazz-fest-by-nite-2026/,
"April 23, 2026",,GIVERS — Fest by Nite,"PERFORMERS: GIVERS (Lafayette, LA indie/rock band). Fest by Nite 2026 show at Toulouse Theatre. Also performing at Fair Grounds on Friday April 24 (Shell Gentilly Stage: GIVERS - In Light).",Evening,,Ticketed,Toulouse Theatre (https://www.notion.so/Toulouse-Theatre-330a37df871081e7ad5efa952f2439ca?pvs=21),https://liveforlivemusic.com/news/new-orleans-jazz-fest-2026-schedule-the-cubes/,
"April 30, 2026",,"Dead Feat ft. Anders Osborne, Kenny Gradney & Friends","PERFORMERS: Dead Feat — a collaboration celebrating both the Grateful Dead and Little Feat, featuring Anders Osborne (guitarist, NOLA legend), Kenny Gradney (bass, Little Feat), Jackie Greene, and more. Republic NOLA. First night of Weekend 2.",Evening,,Ticketed,Republic NOLA (https://www.notion.so/Republic-NOLA-33da37df871081ea8bbae55e8e602eaf?pvs=21),https://www.nola.com/gambit/events/new-orleans-spring-concert-calendar/article_616e7ec0-abfc-41ed-80d1-b2977ff2ea41.html,
"May 1, 2026",,Gov't Mule — Orpheum Theater,"PERFORMERS: Gov't Mule — Warren Haynes (guitar/vocals), Matt Abts (drums), Danny Louis (keys/guitar/vocals), Jorgen Carlsson (bass). Full-force electric show at Orpheum — described as 'raw, electric, and built for the faithful.' Final show of their spring headlining tour. Part of 2-night Orpheum residency (previous night: Warren Haynes Band with LPO).",Evening,,Ticketed,Orpheum Theater (https://www.notion.so/Orpheum-Theater-33da37df871081a08769d377b570873a?pvs=21),https://orpheumnola.com,
"April 29, 2026",,Grahame Lesh & Friends — Fest by Nite (Night 2),"PERFORMERS: Grahame Lesh (guitar/bass/vocals), Jake Brownstein (guitar, Eggy), Daniel Donato (guitar, Cosmic Country), John Molo (drums), Cory Henry (organ, Funk Apostles), Kanika Moore (vocals), The Preservation Hall Horns; special guest Ivan Neville (keys/vocals, Dumpstaphunk). Night 2 of 2-night Joy Theater run during Daze Between. Part of Fest by Nite 2026.",Doors 6:30pm / Show 7:30pm,,Ticketed,The Joy Theater (https://www.notion.so/The-Joy-Theater-330a37df871081278073f8f2e86aba86?pvs=21),https://liveforlivemusic.com/news/grahame-lesh-friends-joy-theater-new-orleans-jazz-fest-by-nite-2026/,
"April 30, 2026",Live Music,Karl Denson's Tiny Universe — The Fillmore,"PERFORMERS: Karl Denson's Tiny Universe (Karl Denson on sax/vocals, plus full band). Jazz-funk outfit. Coincides with Weekend 2 kickoff night. Listed in Gambit spring concert calendar.",Evening,,Ticketed,The Fillmore New Orleans (https://www.notion.so/The-Fillmore-New-Orleans-33da37df8710818a9e98c407b31db219?pvs=21),https://www.nola.com/gambit/events/new-orleans-spring-concert-calendar/article_616e7ec0-abfc-41ed-80d1-b2977ff2ea41.html,
"April 29, 2026",Live Music,Money Chicha — The Broadside,PERFORMERS: Money Chicha (psychedelic cumbia / tropical psych band). Daze Between show at The Broadside.,Evening,,TBA,The Broadside (https://www.notion.so/The-Broadside-330a37df8710817aa21ec9dfff49e4f1?pvs=21),https://www.nola.com/gambit/events/new-orleans-spring-concert-calendar/article_616e7ec0-abfc-41ed-80d1-b2977ff2ea41.html,
"May 2, 2026",,The Meters Reunion — Saenger Theatre,"PERFORMERS: The Meters — George Porter Jr. (bass), Leo Nocentelli (guitar), and band. SOLD OUT. Also playing Fillmore NOLA earlier in the festival week with Dumpstaphunk (also sold out). One of two major Meters reunion shows during Jazz Fest 2026 season.",Evening,,SOLD OUT,Saenger Theatre (https://www.notion.so/Saenger-Theatre-336a37df871081ebb8f0e5c1f3167469?pvs=21),https://liveforlivemusic.com/news/new-orleans-jazz-fest-2026-schedule-the-cubes/,
"May 2, 2026",Live Music,The Meters — Saenger Theatre,"PERFORMERS: The Meters (Leo Nocentelli, George Porter Jr., Zigaboo Modeliste). Reunion show at Saenger Theatre. SOLD OUT. Weekend 2 Saturday — same night as Lettuce/Stanton Moore/Howlin Wolf cluster. Note: separate from the Apr 24 Meters w/ Dumpstaphunk at Joy Theater (also sold out).",Evening,,SOLD OUT,,https://liveforlivemusic.com/news/new-orleans-jazz-fest-2026-schedule-the-cubes/,
"April 30, 2026",,Help on the Way — Fest by Nite,"PERFORMERS: Help on the Way (supergroup) ft. Eric Krasno (guitar), Ross James (drums), Oteil Burbridge (bass/Dead & Co), Grahame Lesh, Ivan Neville (keys), Nikki Glaspie (drums, Dumpstaphunk), Steve Watkins. Grateful Dead-inspired all-star project. Fest by Nite 2026 at The Howlin' Wolf. Same night as Lettuce RAGE!FEST and Stanton Moore.",Evening,,Ticketed,The Howlin' Wolf (https://www.notion.so/The-Howlin-Wolf-330a37df8710810e92e6ec8780c42dbf?pvs=21),https://liveforlivemusic.com/news/new-orleans-jazz-fest-2026-schedule-the-cubes/,
"May 2, 2026",,J & The Causeways: Alligator Rock — Fest by Nite,PERFORMERS: J & The Causeways performing 'Alligator Rock: A New Orleans Tribute to Elton John'. Fest by Nite 2026 at Toulouse Theatre. Weekend 2 Saturday night.,Evening,,Ticketed,Toulouse Theatre (https://www.notion.so/Toulouse-Theatre-330a37df871081e7ad5efa952f2439ca?pvs=21),https://liveforlivemusic.com/news/new-orleans-jazz-fest-2026-schedule-the-cubes/,
"April 26, 2026",Live Music,Adam Deitch's 50th Birthday Bash — Fest by Nite,"PERFORMERS: Adam Deitch (drums, Lettuce/Break Science) 50th Birthday Celebration ft. Oteil Burbridge (Dead & Co), Ivan Neville (Dumpstaphunk), Marcus Machado, and more. Fest by Nite 2026 at The Broadside. Sun night close of Weekend 1.",Evening,,Ticketed,The Broadside (https://www.notion.so/The-Broadside-330a37df8710817aa21ec9dfff49e4f1?pvs=21),https://liveforlivemusic.com/news/new-orleans-jazz-fest-2026-schedule-the-cubes/,
,,,,,,,,,